{
  "project_info": {
    "project_number": "547532914018",
    "firebase_url": "https://my-androidexample.firebaseio.com",
    "project_id": "my-androidexample",
    "storage_bucket": "my-androidexample.appspot.com"
  },
  "client": [
    {
      "client_info": {
        "mobilesdk_app_id": "1:547532914018:android:5d5c8231c7c8fb32",
        "android_client_info": {
          "package_name": "com.alfianyusufabdullah.chatyuk"
        }
      },
      "oauth_client": [
        {
          "client_id": "547532914018-gijarucjfffe75v4l49kcoinvrsa4qeg.apps.googleusercontent.com",
          "client_type": 1,
          "android_info": {
            "package_name": "com.alfianyusufabdullah.chatyuk",
            "certificate_hash": "db0c0783a7adf3aaf3878ec8b6fc045d289e2891"
          }
        },
        {
          "client_id": "547532914018-76rattisenglfputbo4etnl7ufqi14n8.apps.googleusercontent.com",
          "client_type": 3
        }
      ],
      "api_key": [
        {
          "current_key": "AIzaSyBsL72CNViI6ARKgesnTfbZC615biAcXAw"
        }
      ],
      "services": {
        "analytics_service": {
          "status": 1
        },
        "appinvite_service": {
          "status": 2,
          "other_platform_oauth_client": [
            {
              "client_id": "547532914018-76rattisenglfputbo4etnl7ufqi14n8.apps.googleusercontent.com",
              "client_type": 3
            }
          ]
        },
        "ads_service": {
          "status": 2
        }
      }
    },
    {
      "client_info": {
        "mobilesdk_app_id": "1:547532914018:android:345ecf82872fbd39",
        "android_client_info": {
          "package_name": "com.example.dicoding.firebasettt2018"
        }
      },
      "oauth_client": [
        {
          "client_id": "547532914018-4j03b6q671fi2kn1q0b4e1nu9fsh1mjq.apps.googleusercontent.com",
          "client_type": 1,
          "android_info": {
            "package_name": "com.example.dicoding.firebasettt2018",
            "certificate_hash": "312071cc77434725b7d1492ad96dd7aa6c84bac7"
          }
        },
        {
          "client_id": "547532914018-76rattisenglfputbo4etnl7ufqi14n8.apps.googleusercontent.com",
          "client_type": 3
        }
      ],
      "api_key": [
        {
          "current_key": "AIzaSyBsL72CNViI6ARKgesnTfbZC615biAcXAw"
        }
      ],
      "services": {
        "analytics_service": {
          "status": 1
        },
        "appinvite_service": {
          "status": 2,
          "other_platform_oauth_client": [
            {
              "client_id": "547532914018-76rattisenglfputbo4etnl7ufqi14n8.apps.googleusercontent.com",
              "client_type": 3
            }
          ]
        },
        "ads_service": {
          "status": 2
        }
      }
    },
    {
      "client_info": {
        "mobilesdk_app_id": "1:547532914018:android:4351a555b0e8080d",
        "android_client_info": {
          "package_name": "com.example.dicoding.myapplication"
        }
      },
      "oauth_client": [
        {
          "client_id": "547532914018-g36r2pm7obsuaek40he1tfdm5sspa9po.apps.googleusercontent.com",
          "client_type": 1,
          "android_info": {
            "package_name": "com.example.dicoding.myapplication",
            "certificate_hash": "312071cc77434725b7d1492ad96dd7aa6c84bac7"
          }
        },
        {
          "client_id": "547532914018-76rattisenglfputbo4etnl7ufqi14n8.apps.googleusercontent.com",
          "client_type": 3
        }
      ],
      "api_key": [
        {
          "current_key": "AIzaSyBsL72CNViI6ARKgesnTfbZC615biAcXAw"
        }
      ],
      "services": {
        "analytics_service": {
          "status": 1
        },
        "appinvite_service": {
          "status": 2,
          "other_platform_oauth_client": [
            {
              "client_id": "547532914018-76rattisenglfputbo4etnl7ufqi14n8.apps.googleusercontent.com",
              "client_type": 3
            }
          ]
        },
        "ads_service": {
          "status": 2
        }
      }
    }
  ],
  "configuration_version": "1"
}